,fold1,fold2,fold3,fold4,fold5
auc,0.7951340780106088,0.7947331825170647,0.7519085206635112,0.7857536348975116,0.7708332174275341
aupr,0.6905776395041359,0.7119049563977999,0.6442297954466852,0.6730295932740736,0.6787427953613798
f1,0.6437724243977447,0.6533538146441372,0.5684575389948007,0.6186883343006384,0.6216610004856726
acc,0.7354396650171298,0.74229158736201,0.7155369383092155,0.7498095963442498,0.7033511043412034
